Questao,Enunciado,Alternativa_A,Alternativa_B,Alternativa_C,Alternativa_D
2,"Homem de 42 anos, em uso crônico de anti-inflamatório não esteroide por doença reumática, dá entrada no pronto-socorro com 6 horas de evolução de dor epigástrica de forte intensidade. Sinais vitais: Frequência cardíaca 110 bpm, Pressão arterial 90 x 50 mmHg, Frequência respiratória 22 irpm, Temperatura axilar 36,5 oC. Ao exame físico, abdome tenso, com descompressão brusca dolorosa nos quatro quadrantes. O hemograma apresenta valores dentro da normalidade e a tomografia de abdome evidencia líquido livre intraperitoneal com ar no recesso hepatofrênico. Nesse caso, assinale a alternativa que apresenta a principal hipótese diagnóstica.","Úlcera gástrica perfurada.","Pancreatite aguda.","Colecistite aguda.","Diverticulite aguda."
3,"Menina de 7 anos e 6 meses é encaminhada ao ambulatório de pediatria porque sua família percebeu surgimento de broto mamário há cerca de 3 meses. O exame físico revela que seu estadiamento puberal é M2P1 e sua estatura está próxima ao escore Z +2 para a idade, com peso em escore Z 0. Um exame de radiografia simples de punho, solicitado pelo médico da atenção primária, mostra idade óssea compatível com 9 anos e 6 meses. Considerando essa situação, assinale a alternativa que apresenta a principal hipótese diagnóstica, seguida de sua justificativa.","Puberdade precoce central, pois o crescimento das mamas está associado a avanço da idade óssea.","Telarca isolada precoce, pois a diferença entre a idade óssea e a idade cronológica não é significativa.","Telarca isolada precoce, pois o crescimento das mamas foi um achado isolado na investigação da paciente.","Puberdade precoce central, pois, além da telarca, há também sinais de pubarca, o que sugere ativação do eixo hormonal."
4,"Primigesta de 25 anos procura o pronto atendimento de ginecologia e obstetrícia com história de atraso menstrual e resultado de beta-hCG quantitativo de 10.000 mlU/mL realizado há 2 dias. Não se recorda da data da última menstruação. Queixa-se de sangramento vaginal, em pequena quantidade, que já dura 3 dias. Ao exame especular, nota-se presença de sangramento vivo em pequena quantidade e, ao toque, percebe-se colo uterino fechado. Solicitado beta-hCG no dia da consulta, com resultado de 23.400 mlU/mL. A partir desses dados, assinale a alternativa que apresenta, respectivamente, o diagnóstico desse caso e a conduta adequada.","Gestação ectópica; laparotomia.","Ameaça de aborto; repouso relativo.","Aborto incompleto; curetagem uterina.","Aborto em evolução; acompanhamento clínico."
5,"A médica de uma penitenciária avalia homem de 26 anos, com 98 kg, que relata compartilhar a cela com 12 pessoas (a qual comportaria no máximo 5). O paciente queixa-se de prurido cutâneo há 2 dias com piora no período noturno. Ao exame físico, a médica identifica pápulas eritematosas com escoriações em região de prega em braços e em região posterior de joelhos. Com relação a essa situação, assinale a alternativa que apresenta, respectivamente, a orientação médica e a prescrição medicamentosa adequadas.","Restrição de visitas aos detentos e isolamento dos casos nas celas, sem permissão de saída; uso de ivermectina 6 mg, 01 comprimido via oral, repetindo em 15 dias, para todos da cela.","Isolamento dos casos na enfermaria da unidade e lavagem frequente das roupas de cama, de banho e de vestuário com água quente (pelo menos a 30 °C); uso de sprays inseticidas e fumigantes.","Realização de palestras educativas para os detentos sobre medidas preventivas e aumento do tempo de banho de sol; uso de fluconazol 150 mg por semana durante 1 mês, para todos da cela.","Incremento da frequência de limpeza geral da unidade e higienização adequada das roupas de uso pessoal, de cama e de banho; uso de ivermectina 6 mg, dose conforme o peso, repetindo em 15 dias, para todos da cela."
6,"Mulher de 38 anos, com deficiência congênita de IgA, é atendida em ambulatório de clínica médica devido a insucesso terapêutico no tratamento de infecção por Helicobacter pylori. Apresentava diagnóstico de úlcera duodenal, tendo sido prescrito omeprazol, amoxicilina e claritromicina. Apesar da melhora clínica, observou-se persistência da infecção em teste respiratório com C13. Atribuiu-se o insucesso terapêutico ao uso recorrente de macrolídeos e fluoroquinolonas. Nesse caso, deve-se prescrever","pantoprazol, amoxicilina e levofloxacino por 7 dias.","omeprazol, claritromicina e levofloxacino por 14 dias.","omeprazol, subcitrato de bismuto coloidal, doxiciclina e metronidazol por 14 dias.","pantoprazol, subcitrato de bismuto coloidal, furazolidona e levofloxacino por 10 dias."
7,"Homem de 28 anos foi admitido em hospital após 30 minutos de acidente motociclístico. Apresentava múltiplas e graves lesões em face, mandíbula e cavidade oral, sem lesões cervicais. Exame físico do tórax e do abdome e ultrassonografia focada no abdome no trauma (FAST) sem alterações. Sinais vitais: frequência cardíaca 92 bpm; pressão arterial 130 x 80 mmHg; saturação periférica de oxigênio 100% em ar ambiente. O paciente evoluiu rapidamente com dispneia, taquipneia, estridor inspiratório e expiratório, cornagem e rebaixamento do nível de consciência. Saturação periférica de oxigênio passou para 88%, mesmo com a oferta de oxigênio suplementar. Após alguns minutos, evoluiu com saturação periférica de oxigênio de 59% e frequência cardíaca de 48 bpm. Nesse momento, qual é a conduta imediata adequada para esse paciente?","Traqueostomia.","Cricotireoidotomia.","Intubação orotraqueal.","Intubação nasotraqueal."
8,"Adolescente de 12 anos é levado à unidade de pronto atendimento (UPA) devido a um quadro de dor abdominal iniciada há 1 dia. A dor era mais difusa inicialmente, mas, após algumas horas de evolução, passou a concentrar-se na fossa ilíaca direita, tornando-se mais intensa. Além disso, o jovem apresentou vômitos de conteúdo bilioso e inapetência. Ao exame físico abdominal, apresenta defesa à palpação e descompressão brusca dolorosa. A partir desse caso, assinale a alternativa que apresenta indicação para que este adolescente seja avaliado por uma equipe cirúrgica.","Dor abdominal difusa.","Descompressão brusca dolorosa.","Dor abdominal associada a vômitos.","Massa palpável em fossa ilíaca direita."
9,"Gestante de 39 anos, G4P3, 12 semanas de gestação, comparece à primeira consulta de pré-natal na atenção primária. A paciente é hipertensa crônica há 2 anos, faz uso de losartana e apresenta índice de massa corporal (IMC) de 35 kg/m², encontra-se assintomática. Considerando esse contexto, assinale a conduta inicial e a avaliação a ser realizada.","Suspender losartana e iniciar metildopa e AAS; realizar pesquisa de lesão de órgãos-alvo.","Manter losartana e iniciar AAS; solicitar exames para avaliar a função hepática.","Suspender losartana; indicar avaliação cardiológica detalhada.","Manter losartana; realizar pesquisa de hipertensão secundária."
10,"Mulher de 34 anos, com 4 filhos, desempregada, comparece a uma unidade básica de saúde (UBS) com queixa de atraso menstrual de um mês. Durante a consulta, a paciente relata que está muito aflita, por ter realizado um teste de gravidez cujo resultado foi positivo. Afirma que compareceu à consulta porque não deseja essa gravidez. Quando questionada, a paciente nega qualquer situação de violência sexual. Nesse caso, além de acolher e acalmar a paciente, a melhor abordagem a ser realizada pelo médico deve ser","Iniciar o pré-natal regular, mencionando a possibilidade de entrega voluntária da criança para adoção após seu nascimento.","Desencorajar a realização de um aborto, apesar da paciente ter direito, enfatizando os riscos à saúde advindos do procedimento de abortamento, como hemorragia, infecção, perfuração uterina, infertilidade e morte.","Assegurar o direito às informações clínicas e legais adequadas, garantir o sigilo e informar sobre sintomas que justifiquem a busca de atendimento médico em caso de realização de um aborto inseguro.","Questionar abertamente sobre a intenção de abortar, sem julgamento, e informá-la que tem obrigação ética de fazer um boletim de ocorrência caso o aborto venha a ser realizado."
11,"Mulher de 45 anos vai à unidade básica de saúde (UBS) reportando dificuldade para reduzir o consumo de cigarros. Refere fumar 20 cigarros por dia desde os 20 anos e que já tentou interromper o uso várias vezes. Relata, ainda, irritação e ansiedade quando reduz o consumo de tabaco. Diante desse caso, o plano terapêutico adequado para essa paciente consiste em","Reposição de nicotina com redução gradual da dose.","Terapia comportamental associada à reposição de nicotina.","Terapia comportamental e cessação imediata do tabagismo.","Prescrição de benzodiazepínico e redução gradual do número de cigarros diários."
12,"Recém-nascido a termo, do sexo masculino, nascido de parto via vaginal, Apgar 9/10, apresenta salivação excessiva e muco no canto da boca após o nascimento. Durante a amamentação, apresenta regurgitação, cianose, tosse e insuficiência respiratória. Na sala de parto, não foi realizada passagem de sonda pelas narinas, nem pela boca. A ultrassonografia pré-natal evidenciava polidrâmnio. Considerando o caso descrito, assinale a alternativa que apresenta o diagnóstico provável.","Atresia esofágica.","Atresia gástrica.","Atresia intestinal.","Atresia pancreática."
13,"Mulher de 18 anos deu à luz uma criança do sexo feminino, Apgar 9/10, nascida a termo, com peso de nascimento de 3.500 g, comprimento de 50 cm e perímetro cefálico de 35 cm. A criança permaneceu em aleitamento materno exclusivo desde o nascimento. Com 24 horas de vida, o médico constata a perda de 175 g, eliminações presentes, a paciente corada e hidratada. Nesse caso, a perda de peso em relação ao peso do nascimento é de","5%, o que não é motivo de preocupação.","15%, devendo receber complemento com fórmula.","15%, sendo necessária observação clínica rigorosa.","5%, mas não deveria estar acontecendo nesse momento."
14,"Paciente de 49 anos procura atendimento médico relatando que, há 1 mês, não consegue dormir adequadamente por causa de intensas ondas de calor, o que a deixa cansada, irritada e deprimida. Relata dispareunia de penetração e vagina seca. Fez histerectomia e salpingooforectomia bilateral há 3 meses e exame anatomopatológico revelou: adenomiose, hidrossalpinge em ambas as tubas uterinas, cistos de endometriose em ovário direito e focos de endometriose no peritônio. Nega comorbidades. Nesse caso, a conduta mais indicada é","Fitoterápicos, pelo histórico de adenomiose e endometriose.","Antidepressivos tricíclicos, já que a hormonioterapia é contraindicada.","Estrogenioterapia exclusiva, uma vez que a paciente passou por histerectomia.","Tratamento hormonal estro-progestativo, considerando que a paciente apresentou quadro de endometriose."
15,"Menina de 6 anos é paciente do mesmo médico na unidade básica de saúde (UBS) desde que nasceu. Sempre foi uma criança alegre, saudável e sociável. Na última consulta, há cerca de 15 dias, o pai a trouxe porque ela estava com “dor de barriga”, mas a paciente permaneceu encolhida e calada todo o tempo, quase não deixando o médico examiná-la.  Há 2 dias, a professora da criança procurou a equipe preocupada com a mudança de comportamento da criança. Relatou que foi informada sobre a existência de fotos íntimas da criança numa rede social. A mãe, quando chamada, relatou que está trabalhando e a criança tem ficado com o pai na maior parte do tempo. Nessa situação, além da avaliação clínica, o médico deve","Registrar, em prontuário, dados clínicos de forma isenta de interpretações pessoais; notificar violência no SINAN e contatar os equipamentos sociais e conselho tutelar para o seguimento do caso juntamente com a equipe.","Encaminhar a criança à perícia médica mais próxima da unidade, onde será realizado exame físico mais detalhado e coleta de vestígios da violência; confirmar a violência antes da notificação no SINAN e contatar o conselho tutelar.","Confrontar os dados relatados pela professora com os pais, questionando-os sobre a denúncia e demonstrando preocupação; orientar as medidas de apoio à criança e à família.","Anotar, em prontuário, os dados da história com suspeita de abuso e denunciar o caso na delegacia mais próxima; encaminhar a criança para um serviço de proteção social local."
16,"Homem de 44 anos é levado à sala de emergência do pronto-socorro apresentando agitação intensa, confusão mental, tremores generalizados e sudorese profusa. Ao exame físico verifica-se frequência cardíaca de 110 bpm e pressão arterial (PA) de 150 x 110 mmHg. O paciente é etilista crônico, sem antecedentes patológicos e seus familiares relatam que ele interrompeu o consumo de álcool há 48 horas. Com base nessas informações, assinale a alternativa que apresenta, respectivamente, o diagnóstico correto e a conduta inicial para esse paciente.","Delirium tremens; administração de antipsicóticos, como haloperidol.","Delirium tremens; administração intravenosa de benzodiazepínicos, como diazepam.","Encefalopatia hipertensiva; restrição de líquidos e monitoramento estrito da função renal.","Encefalopatia hipertensiva; administração de nitroprussiato de sódio para redução da PA média entre 20 e 25% nas primeiras 2 horas."
17,"Homem de 39 anos, sem comorbidades e em bom estado de saúde, encontra-se em preparação pré-operatória eletiva de colecistectomia que será realizada por via laparoscópica. Durante consulta com o médico que o acompanha, o paciente manifesta preocupação sobre o que pode ingerir e por quanto tempo deve permanecer em jejum antes do procedimento. Nesse caso, o médico deve orientar o paciente a fazer, antes da anestesia, jejum de alimentos sólidos por","12 horas e de líquidos por 8 horas.","6 a 8 horas e de líquidos claros por 2 horas.","4 a 6 horas e de bebida proteica por 1 hora.","10 horas e de pequenos volumes de água por 4 horas."
18,"Lactente saudável de 40 dias, que atualmente vive em uma unidade de acolhimento, é atendido em uma unidade básica de saúde (UBS) em sua primeira consulta desde o nascimento. Sua cuidadora informa que não foi realizado teste do pezinho. A respeito da indicação de coleta do teste do pezinho, assinale a alternativa correta.","O teste do pezinho pode ser coletado somente até o 28º dia de vida; dessa forma, a coleta não poderá ser realizada nesse lactente.","O teste do pezinho pode ser coletado apenas entre o 3º e o 5º dia de vida do bebê; dessa forma, a coleta não poderá ser realizada nesse lactente.","A coleta do teste do pezinho deveria ter sido realizada na maternidade, logo nas primeiras 48 horas de vida do bebê, o que evitaria a situação atual.","A coleta do teste do pezinho após o 28º dia de vida é uma condição de exceção, podendo ser realizada em caso de difícil acesso ao serviço ou de negligência."
19,"Gestante de 25 anos é atendida em uma maternidade no primeiro estágio da fase ativa de trabalho de parto. Seu pré-natal foi de risco habitual e ela está com 40 semanas de gestação. Durante a ausculta intermitente, é detectada uma frequência cardíaca fetal mantida de 100 bpm. Diante disso, é realizada cardiotocografia, que mostra parâmetros normais, exceto a linha de base em torno de 102 bpm por um período de 10 minutos. A paciente não apresenta outros sinais ou sintomas de complicações, e o restante do exame físico está dentro dos parâmetros esperados para a fase ativa do trabalho de parto. Diante desse quadro clínico, a conduta adequada é","Encaminhar a paciente para cesariana por se tratar de sofrimento fetal agudo.","Administrar ocitocina e acelerar a ultimação do parto por se tratar de sofrimento fetal agudo.","Iniciar tocolíticos para reduzir a atividade uterina e aguardar melhora espontânea da frequência cardíaca fetal.","Administrar oxigênio e mudar a posição da gestante, reavaliando a frequência cardíaca fetal após alguns minutos."
20,"Um casal consulta com o médico de família e comunidade devido à preocupação da esposa com marido, que tem demonstrado compulsividade relacionada ao consumo de pornografia. Isso tem gerado discussões constantes entre eles, pois o homem é motorista por aplicativo e está deixando de trabalhar devido a este padrão de comportamento — o que tem impactado na situação financeira da família, que já é difícil. Ele relata que a prática começou como distração e alívio do estresse, mas admite que tem dificuldades para controlar esses comportamentos e reconhece as consequências que isso tem gerado para seu contexto familiar. Durante a consulta, o médico identifica sinais de baixa autoestima e de ansiedade nesse paciente. Diante desse relato, qual é o grau de motivação do paciente para a mudança de comportamento?","Ação, visto que já planeja e cria condições para que uma mudança comportamental ocorra.","Contemplação, visto que admite o problema e é ambivalente em relação ao seu comportamento.","Pré-contemplação, visto que reconhece o impacto do vício em seu relacionamento e em sua família.","Preparação, visto que sua percepção sobre os efeitos do vício ainda é limitada, sem possibilidade de mudança."
21,"Homem de 55 anos procura atendimento em unidade básica de saúde (UBS) para renovar prescrição de losartana. Durante a consulta, relata dispneia aos esforços físicos moderados. Além disso, refere tosse pouco produtiva há alguns anos, o que atribui ao uso de 20 cigarros por dia há 20 anos. Radiografia do tórax revela alargamento dos espaços intercostais, sem outras alterações. Espirometria apresenta os seguintes resultados: Parâmetro | Valor encontrado (pré-broncodilatador) | Valor encontrado (pós-broncodilatador) | Valor previsto (de acordo com sexo, idade, cor da pele e estatura do paciente) Volume expiratório forçado no 1º segundo (VEF1) | 1,72 | 1,73 | 3,65 Capacidade vital forçada (CVF) | 3,13 | 3,14 | 4,66 Relação VEF1/CVF | 0,55 | 0,55 | 0,79 Diante dos achados, define-se doença pulmonar obstrutiva crônica. Nesse caso, de acordo com os critérios GOLD, a doença do paciente pode ser funcionalmente classificada em","Estágio 1.","Estágio 2.","Estágio 3.","Estágio 4."
22,"Homem de 40 anos é levado a uma unidade de pronto atendimento após sofrer um acidente de trabalho enquanto utilizava uma máquina de esmerilhamento. Ele relata que um fragmento metálico de alta velocidade ultrapassou a proteção de seus óculos e atingiu seu olho direito. O paciente apresenta dor intensa no olho afetado, com perda parcial da visão e sensação de corpo estranho. O exame físico revela laceração na conjuntiva bulbar com extravasamento espontâneo de pequena quantidade de conteúdo gelatinoso pelo olho direito. Nesse momento, antes de encaminhar o paciente para o especialista, qual é a conduta adequada para o caso?","Irrigar o olho afetado com solução salina estéril, fazer penicilina cristalina via endovenosa e reavaliar o paciente após 6 horas.","Colocar escudo rígido sobre o olho afetado, iniciar fluoroquinolona endovenosa e verificar imunização antitetânica.","Aplicar colírio corticoide no olho afetado, colocar escudo rígido sobre ele e solicitar radiografia de órbita.","Aplicar colírio antibiótico no olho afetado, realizar curativo oclusivo e prescrever analgesia endovenosa."
23,"Agrupadas no acrônimo TORCHSZ, as infecções congênitas e/ou perinatais são causas de significativa morbimortalidade neonatal. Os sinais e sintomas dessas enfermidades são similares, porém algumas características são mais sugestivas de determinada doença. A partir do exposto, assinale a alternativa que relaciona corretamente sinais e sintomas e/ou achados de exames complementares com a doença.","Hidrocefalia, plaquetose, hepatoesplenomegalia e icterícia são achados mais comuns da toxoplasmose.","Rash macular com úlceras, plaquetopenia e alteração liquórica são achados típicos da rubéola congênita.","Rinite serossanguinolenta, pseudoparalisia de Parrot, catarata e coriorretinite são encontradas na herpes simples.","Catarata, persistência do canal arterial ou estenose pulmonar e retardo de crescimento intrauterino são achados mais comuns de citomegalovírus."
24,"Mulher, G2P1 (parto vaginal), é conduzida ao serviço de urgência obstétrica por estar desacordada, após ter apresentado dor abdominal súbita e desmaio em casa. Está com 35 semanas de gestação e é hipertensa crônica em uso de metildopa e nifedipina. Está inconsciente, apresenta tônus uterino aumentado, com batimento cardíaco fetal de 50 bpm, colo uterino fechado e com moderado sangramento escuro por via vaginal. Ela apresenta os seguintes dados vitais: Frequência cardíaca materna 60 bpm, Pressão arterial 80 x 60 mmHg, Saturação de oxigênio 94%. Diante desse quadro clínico, assinale a alternativa que apresenta, respectivamente, o diagnóstico e a conduta adequados.","Descolamento prematuro de placenta; priorizar a estabilização hemodinâmica com reposição volêmica, posicionar a paciente em decúbito lateral e realizar a cesárea imediatamente.","Descolamento prematuro de placenta; iniciar a administração de reposição volêmica com cristaloides e com oxigênio e iniciar a monitorização contínua materno-fetal, enquanto a paciente é preparada para o parto vaginal induzido.","Placenta prévia; iniciar a reanimação materna com cristaloides, oxigênio suplementar e administração de uterolíticos para diminuir o tônus e conter o sangramento, enquanto a paciente é transferida para o centro cirúrgico a fim de realizar avaliação de cesariana de urgência.","Placenta prévia; realizar manobras de suporte à vida materna, como reposição volêmica com cristaloides e administração de oxigênio, e iniciar monitorização contínua materno-fetal enquanto a paciente é preparada para o parto vaginal induzido."
25,"Os povos ciganos/Romani que vivem no Brasil possuem um estilo de vida não homogêneo, com uma cultura muitas vezes divergente. Portanto, é essencial que gestores e profissionais da saúde se aproximem dessa população e conheçam suas questões específicas. Nesse contexto, ao se fazer o planejamento de ações de saúde para essa população, é importante considerar que","As questões de saúde são conduzidas por homens na maioria das comunidades ciganas/Romani, motivo pelo qual as mulheres não devem ir ao hospital sozinhas.","A depressão e o suicídio são problemas de saúde nas comunidades ciganas/Romani, com maior incidência em mulheres, sendo motivados pelo racismo e por outras formas de violência.","As mulheres são as lideranças mais respeitadas por toda a comunidade cigana/Romani; por isso, para criar um vínculo de confiança com a comunidade, os agentes públicos de saúde devem iniciar a interlocução com elas.","Os povos ciganos/Romani optam, em sua grande maioria, por se manterem nômades, buscando formas alternativas de garantir saúde e educação, apesar de atualmente algumas famílias ciganas/Romani preferirem residências fixas."
26,"Homem de 67 anos, com histórico de doença pulmonar obstrutiva crônica há 10 anos e tabagismo há 50 anos, é levado a unidade de pronto atendimento com desconforto respiratório, tosse e confusão mental há 2 horas. Familiar relata que, nos últimos 5 dias, houve piora progressiva da dispneia e aumento do volume de expectoração, além de mudança no aspecto dessa secreção, que passou de amarelo claro para verde escuro. Ao exame físico, encontra-se torporoso, com extremidades cianóticas e com sibilos e estertores difusos em todos os campos pulmonares. Considerando a situação apresentada, a condução clínica desse paciente deve incluir, obrigatoriamente corticoterapia","Sistêmica e acompanhamento ambulatorial.","Inalatória e acompanhamento ambulatorial.","Inalatória e internação hospitalar.","Sistêmica e internação hospitalar."
27,"Paciente do sexo masculino, 18 anos, chega ao pronto atendimento com dor abdominal em mesogástrio e epigástrio, de início insidioso e caráter progressivo, associada a náuseas e hiporexia. A evolução do quadro tem cerca de 24 horas. Ao exame físico, a dor abdominal é exacerbada pela tosse, há discreta diferença de temperatura entre a região axilar e a retal (+1,2 °C), além de dor à palpação profunda em região inferior direita do abdome. Exames laboratoriais mostram leucócitos 14.000/mm³ com 80% de neutrófilos, além de sumário de urina com 6 piócitos/campo. Com base no quadro clínico e laboratorial, qual achado clínico complementa o diagnóstico mais provável?","Dor à punho-percussão na região lombar à direita.","Crepitação na parede abdominal associada à presença de gás.","Dor à palpação no hipocôndrio direito durante inspiração profunda.","Dor à descompressão entre a espinha ilíaca ântero-superior e o umbigo."
28,"Menino de cinco meses é levado para consulta de rotina. Nasceu com idade gestacional de 28 semanas, com boa evolução na internação e recebeu alta para acompanhamento ambulatorial. O bebê está bem, mas teve um episódio de infecção respiratória leve. A família está preocupada com eventuais complicações que o bebê possa ter, uma vez que o inverno está chegando e os pais querem proteger a criança. Nessa situação, a conduta médica mais adequada é indicar a","Administração da vacina anti-influenza de imediato e a restrição de visitas.","Administração de palivizumabe e orientar os cuidados essenciais de prevenção.","Manutenção do calendário vacinal atualizado e o encaminhamento do bebê para a infectologia infantil.","Manutenção do calendário vacinal atualizado e a administração de omalizumabe em caso de infecções."
30,"Enchentes, secas, ondas de calor, tempestades tropicais, incêndios florestais e aumento do nível do mar estão diretamente relacionados à escalada dos determinantes sociais da saúde. Esses fatores podem levar ao aumento de doenças cardiovasculares, entre outras. Considerando a interferência desses fatores, assinale a alternativa correta com relação às ações de promoção da saúde.","A exposição à poluição do ar pode acarretar no aumento do risco para hipertensão, diabetes e dermatite atópica, portanto, indica-se fechar as janelas da residência nos horários de maior fluxo de carros a fim de reduzir a exposição aos poluentes.","As plantações de milho para a produção de biocombustível configuram uma importante tendência no país uma vez que aumentam a oferta de empregos na economia verde e melhoram as condições de vida de pequenos e médios produtores rurais.","A elevação da pressão arterial é um efeito comum das ondas de calor, por isso, é indicado aumentar as doses dos anti-hipertensivos, reforçar a hidratação e procurar fontes de sombra e refrigeração.","As atividades de educação em saúde acerca do estresse climático são desaconselháveis nas escolas, devido ao risco de sofrimento emocional nas crianças e nos adolescentes."
31,"Homem de 40 anos procura a unidade básica de saúde (UBS) relatando que está com tosse produtiva há 3 meses, associada a febre vespertina e perda de peso. Nega histórico de tuberculose. Na UBS, é realizado o teste rápido molecular (TRM) para tuberculose no escarro, com resultado positivo e resistência à rifampicina. Diante disso, esse paciente é encaminhado para o ambulatório de referência em tuberculose do município. Nessa situação, a conduta médica, baseada no resultado do TRM, é","Inadequada, devendo ser solicitada a baciloscopia no escarro; o encaminhamento do paciente deve ser cancelado enquanto aguarda o resultado da baciloscopia.","Adequada, sendo desnecessário aguardar a baciloscopia no escarro; o encaminhamento do paciente deve ser cancelado e deve ser iniciado o esquema básico imediatamente.","Adequada, sendo desnecessário aguardar a baciloscopia no escarro; o encaminhamento do paciente deve ser mantido e deve ser feito novo TRM, além de cultura e teste de sensibilidade.","Inadequada, devendo ser solicitada a baciloscopia no escarro; o encaminhamento do paciente deve ser mantido, devido à necessidade de confirmação diagnóstica por centro especializado."
32,"Paciente do sexo feminino, 33 anos, previamente saudável, após ter sido submetida a abdominoplastia em clínica privada, evoluiu com instabilidade hemodinâmica no pós-operatório imediato antes da alta. O cirurgião plástico que a operou pediu à família da paciente que a levasse para a unidade de pronto atendimento, onde chegou sem vida. À luz do Código de Ética Médica, deve-se considerar que o cirurgião plástico da situação descrita foi","Imprudente ao operar a paciente em clínica privada.","Imperito ao realizar o procedimento de abdominoplastia.","Negligente quanto à estabilização pré-transporte da paciente.","Diligente ao solicitar aos familiares a rápida transferência da paciente."
33,"Lactante previamente hígida comparece à consulta de puericultura com seu filho de 4 meses. Ela refere que voltará a trabalhar em 15 dias, por isso tem dúvidas quanto à oferta do leite materno. Considerando essa situação, assinale a alternativa que apresenta a orientação correta quanto aos cuidados adequados com a ordenha e o leite materno ordenhado.","Para o descongelamento do leite materno, pode-se realizar a fervura ou o aquecimento em micro-ondas.","Para a coleta de leite materno, pode-se realizar ordenha manual após higienização das mamas com álcool 70%.","Para a conservação do leite materno, pode-se mantê-lo em congelador por até 15 dias a partir da primeira retirada.","Para o favorecimento da continuidade do aleitamento materno, pode-se oferecer em mamadeira o leite ordenhado."
34,"Menina de 14 anos vai à consulta na unidade básica de saúde (UBS), acompanhada de sua mãe, relatando preocupação, pois todas as suas amigas da mesma faixa etária já menstruaram, exceto ela. A paciente apresenta as mamas desenvolvidas e alguns pelos pubianos e, durante a consulta, apresenta muitas dúvidas em relação à menstruação. Nesse caso, após orientar a menina sobre ciclo menstrual e sobre métodos contraceptivos, a conduta adequada é","Solicitar exames complementares para investigação de amenorreia.","Orientar a mãe e a filha a aguardarem a menstruação até os 16 anos.","Indicar teste de progesterona oral para confirmar amenorreia primária.","Solicitar ultrassonografia e dosagens hormonais para investigação de amenorreia."
35,"Um médico de família e comunidade, atuante numa equipe fluvial, atende a uma população ribeirinha e a uma população indígena, ambas na região amazônica. Ele reconhece que essas duas populações vivem em regiões remotas. No entanto, é notável que elas apresentam diferenças culturais e de modos de vida. A partir dessas informações, assinale a alternativa que apresenta a estratégia adequada a ser adotada pelo médico e por sua equipe no cuidado à saúde das populações mencionadas.","Utilização de profissionais de saúde nativos ou locais sem a necessidade de capacitação específica focada no paradigma biomédico, uma vez que eles já conhecem profundamente a cultura, as tradições e os hábitos dessas populações.","Atendimento à população ribeirinha centrado em soluções biomédicas e tecnológicas, utilizando conhecimentos da medicina ocidental, enquanto o atendimento à população indígena deve ser pautado por suas próprias práticas de cuidado e cura.","Incentivo e valorização das práticas de cuidado tradicionais, promoção do uso racional de medicamentos básicos pela população indígena e estímulo à participação local e à integração do saber acadêmico e do senso comum da comunidade ribeirinha.","Organização dos atendimentos das populações de forma padronizada, a partir da identificação das prioridades em saúde, considerando que as comunidades compartilham realidades geográficas e desafios semelhantes em relação ao acesso a cuidados médicos."
36,"Mulher de 45 anos foi levada para consulta na casa de saúde indígena da capital do estado, com febre (até 39°C), tosse, dor de garganta, cefaleia, mialgia e artralgia iniciados há cerca de 36 horas. Outros 5 pacientes da mesma comunidade indígena apresentaram quadro semelhante no mesmo período. No dia da consulta, a paciente começou a se queixar de leve falta de ar. Ao exame físico apresentava parâmetros dentro da normalidade, exceto pela febre (39 °C) e por estertores crepitantes na base pulmonar direita. Frequência respiratória de 22 irpm e pressão arterial é de 120 x 80 mmHg. Considerando o caso apresentado, assinale a alternativa que indica, respectivamente, a hipótese diagnóstica e a conduta mais adequada.","Pneumonia viral; prescrever o uso de oseltamivir.","Tuberculose; solicitar pesquisa de BAAR no escarro.","Pneumonia bacteriana; indicar o uso de ceftriaxona e amoxicilina.","Resfriado comum; recomendar o uso de medicações sintomáticas."
37,"Mulher de 24 anos, previamente saudável, portadora de rim único, sofreu um acidente motociclístico há 7 dias. Foi levada a um hospital, onde foi submetida a craniectomia descompressiva e drenagem de hematoma subdural agudo. No entanto, há 1 dia, evoluiu com coma aperceptivo e ausência de reflexos de tronco encefálico. Diante disso, foi realizado o protocolo de morte encefálica, com confirmação diagnóstica. Testes laboratoriais mostraram função renal preservada, anti-HBs positivo e HBsAg negativo. Embora a paciente seja doadora de órgãos e tecidos, seu esposo se posiciona contra a doação, afirmando que isso interferirá em suas crenças. Com base na legislação pertinente, assinale a alternativa correta quanto à doação de órgãos nessa situação.","A condição renal da paciente, embora seja saudável, contraindica a doação de órgãos.","A doação de órgãos da paciente requer o consentimento e a autorização de seu esposo.","O poder público poderá intervir a favor do cumprimento do desejo de doação da paciente.","Os resultados dos exames laboratoriais citados impossibilitam a doação de órgãos da paciente."
38,"Menino de 6 meses, saudável, é levado para consulta de rotina. Ele está em aleitamento materno exclusivo e a mãe busca orientações sobre a introdução alimentar, pois se trata de seu primeiro filho. Nesse caso, a conduta adequada é manter aleitamento materno e","Introduzir 1 refeição com composto lácteo.","Iniciar 1 refeição minimamente processada.","Oferecer suco de frutas e dar 2 papas de legumes.","Introduzir 1 refeição principal e 1 porção de fruta."
39,"Mulher de 30 anos é encaminhada pelo médico da unidade básica de saúde (UBS) para avaliação com o ginecologista. Relata corrimento com odor fétido após o término da menstruação, nos últimos três ciclos menstruais, e apresenta o laudo da citologia cervical realizada na UBS: presença de epitélio escamoso e glandular, flora com lactobacilos e dentro dos limites da normalidade. Ao exame especular, observa-se corrimento abundante homogêneo, com vagina e colo uterino de aspecto normal e sem hiperemia. Teste com hidróxido de potássio, realizado na secreção vaginal, com a percepção de odor fétido e pH superior a 5,0. No exame a fresco da secreção vaginal, observam-se células guia (clue cells) no microscópio. Nesse caso, quais são, respectivamente, o diagnóstico e o tratamento a serem prescritos?","Vaginose citolítica; tratamento com banho de assento com bicarbonato de sódio.","Tricomoníase; tratamento com metronidazol por via oral, ou em forma de creme vaginal.","Candidíase; tratamento com miconazol creme vaginal, ou com fluconazol por via oral.","Vaginose bacteriana; tratamento com metronidazol por via oral, ou em forma de creme vaginal, ou com clindamicina creme."
40,"Homem de 45 anos, trabalhador da construção civil, comparece a uma unidade básica de saúde (UBS) devido à dor lombar iniciada há um mês, com piora progressiva, irradiada para o membro inferior direito, com maior intensidade ao final do expediente de trabalho, especialmente após carregar materiais pesados. Nega histórico de trauma, febre, perda de peso ou outros sintomas sistêmicos. Ao exame físico, há dor à palpação de musculatura paravertebral bilateral na região lombar, sem alterações neurológicas. Não há restrição de movimentos e a flexão está preservada. O exame de força e sensibilidade nos membros inferiores está normal, e os reflexos patelar e aquileu estão preservados. Lasègue negativo bilateralmente. Quais são as condutas adequadas a serem adotadas nesse caso?","Solicitar ressonância magnética da coluna lombar, devido à irradiação da dor para membro inferior; prescrever anti-inflamatório não esteroide associado a paracetamol.","Solicitar radiografia de coluna lombar, devido à duração e à irradiação da dor; prescrever corticoide sistêmico associado a paracetamol; encaminhar o paciente à fisioterapia.","Não solicitar exames complementares, devido à duração da dor e reflexos preservados; prescrever corticoide sistêmico associado a relaxante muscular; orientar repouso por 5 dias.","Não solicitar exames complementares, devido à ausência de sinais de alerta; orientar a prática de exercício físico; prescrever anti-inflamatório não esteroide associado a relaxante muscular."
41,"Homem de 22 anos comparece à unidade básica de saúde (UBS) com queixa de úlcera na região genital associada a 'íngua na virilha'. Ele afirma que, há cerca de 10 dias, observou lesão papular, única, indolor, localizada na glande. Em pouco tempo, essa lesão evoluiu para ulceração local. Ao exame físico, o paciente apresenta, na glande, úlcera única de fundo limpo e bordas elevadas, endurecidas e linfonodos inguinais palpáveis bilateralmente, não supurativos, móveis e indolores. Ao ser questionado, ele confirma ter tido relação sexual desprotegida cerca de 3 semanas antes do início dos primeiros sinais. Nesse caso, qual é o exame complementar indicado para o diagnóstico do paciente?","VDRL sérico (Venereal Disease Research Laboratory).","Cultura de secreção uretral em meio de Thayer-Martin.","Aspirado linfonodal com pesquisa de Haemophilus ducreyi.","Pesquisa de corpúsculos de Donovan em esfregaço da lesão."
42,"Mulher de 45 anos, sem comorbidades, é submetida a uma colecistectomia videolaparoscópica eletiva devido a colecistopatia crônica calculosa. O procedimento transcorre sem complicações, durando cerca de 40 minutos. No pós-operatório imediato, a paciente apresenta-se hemodinamicamente estável, com pressão arterial de 110 x 70 mmHg, frequência cardíaca de 82 bpm e saturação de oxigênio de 98% em ar ambiente. Nega náusea e relata dor leve em região abdominal. De acordo com os protocolos multimodais de recuperação pós-operatória (ERAS e ACERTO), qual é a conduta adequada em relação à alimentação dessa paciente?","Início de dieta líquida via oral após 6 horas do procedimento.","Início imediato de dieta via oral, de acordo com sua vontade.","Início de dieta via oral após 24 horas do procedimento.","Início imediato de dieta via oral, de forma escalonada."
43,"Adolescente de 15 anos com fibrose cística comparece ao pronto-socorro com aumento da tosse produtiva, expectoração purulenta e febre iniciada há três dias. Ele relata piora da dispneia, e sua mãe, que o acompanha, observa que ele tem tido mais dificuldade para realizar suas atividades diárias. Ao exame físico, o paciente apresenta moderado desconforto respiratório, com taquipneia (frequência respiratória de 32 irpm), sibilos bilaterais e diminuição do murmúrio vesicular nas bases pulmonares. A saturação de oxigênio em ar ambiente é de 87%. Considerando o quadro clínico apresentado, a abordagem inicial é","Internar o paciente; iniciar oxigenoterapia e antibioticoterapia de amplo espectro intravenosa; e solicitar cultura de escarro.","Internar o paciente; iniciar corticoterapia sistêmica; e realizar drenagem postural imediata com fisioterapia respiratória intensiva.","Realizar nebulização com broncodilatadores; prescrever antibioticoterapia oral domiciliar; e agendar acompanhamento em ambulatório especializado.","Realizar tomografia de tórax, gasometria arterial e exames séricos para avaliar melhor o grau de comprometimento pulmonar antes de iniciar tratamento."
44,"Homem de 50 anos, professor universitário, procura atendimento médico por apresentar dor em peso e queimação em membro inferior esquerdo, principalmente no final do dia. Relata que, ao chegar em casa e elevar os membros, sente melhora da dor. Ao exame físico, nota-se presença de varizes em região de panturrilha à esquerda, sem sinais de infecção ou outras alterações. Considerando o caso clínico descrito, assinale a alternativa que apresenta o diagnóstico e a conduta mais adequada.","Doença arterial periférica; iniciar antiagregante plaquetário e estatina.","Doença arterial periférica; solicitar ultrassonografia doppler e encaminhar ao cirurgião vascular.","Doença venosa crônica; recomendar uso de meia elástica e elevação do membro.","Doença venosa crônica; prescrever heparina de baixo peso molecular e solicitar angiotomografia."
45,"Mulher de 25 anos, no segundo trimestre de gestação, comparece à consulta de pré-natal na unidade básica de saúde (UBS) apresentando resultados de exames laboratoriais. Ao verificar os resultados, o médico constata que o exame de urina tipo I evidenciou leucocitúria e bacteriúria significativa, sendo positivo para Escherichia coli em urocultura, com contagem de colônias de 10⁵ UFC/mL. A gestante está assintomática. Diante do caso, qual é a conduta mais adequada?","Repetir o exame de urina tipo I após 1 semana para confirmar o diagnóstico.","Prescrever antibioticoterapia, mesmo na ausência de sintomas.","Aguardar o aparecimento de sintomas urinários para iniciar tratamento.","Solicitar exame de urina tipo I e urocultura com antibiograma para a mãe e o parceiro sexual."
46,"Recém-nascido, com 12 horas de vida, nascido a termo, parto vaginal, com líquido amniótico meconial, apresenta cianose de extremidades e frequência respiratória de 70 irpm. Não houve necessidade de reanimação ao nascimento. O exame físico evidencia gemido expiratório, tiragem subcostal e batimento de asa nasal. A ausculta pulmonar apresenta murmúrio vesicular universalmente diminuído, com estertores finos bilaterais. Considerando o quadro clínico apresentado, assinale a alternativa que apresenta a principal hipótese diagnóstica e a conduta imediata.","Síndrome da aspiração meconial; iniciar oxigenioterapia e observar a evolução clínica.","Taquipneia transitória do recém-nascido; solicitar gasometria arterial e iniciar antibioticoterapia empírica.","Síndrome da aspiração meconial; solicitar radiografia de tórax e iniciar ventilação com pressão positiva contínua.","Taquipneia transitória do recém-nascido; iniciar ventilação mecânica invasiva com fração inspirada de oxigênio (FiO2) de 100%."
47,"Menina de 3 anos é levada para atendimento médico com queixa de dor no ouvido direito há 2 dias. A mãe relata que a criança teve febre nas últimas 24 horas e apresenta secreção purulenta no ouvido afetado. Ao exame físico, a criança encontra-se febril (temperatura axilar de 38,5 ºC), ativa, com otorreia purulenta à direita e hiperemia de conduto auditivo externo. A membrana timpânica está íntegra. Não há alterações no ouvido esquerdo, nem outros sinais e sintomas associados. Com base no quadro clínico, assinale a alternativa que apresenta, respectivamente, o diagnóstico e o tratamento adequado.","Otite externa aguda; limpeza do conduto auditivo e prescrição de analgésico e antibiótico tópico.","Otite média aguda; prescrição de antibiótico oral e corticoide sistêmico.","Otite externa aguda; prescrição de antibiótico oral e analgésico.","Otite média aguda; prescrição de antibiótico tópico e lavagem do conduto auditivo."
48,"Homem de 25 anos procura atendimento em uma unidade básica de saúde (UBS) para realizar testagem rápida para infecções sexualmente transmissíveis (IST). Relata relação sexual desprotegida com uma parceira desconhecida há 3 semanas. O teste rápido realizado para HIV foi positivo. O paciente é encaminhado para serviço especializado, que confirma a infecção. Está assintomático e com carga viral indetectável. Nesse caso, a conduta correta é","Iniciar tratamento antirretroviral apenas se a contagem de linfócitos T CD4+ for menor que 500 células/mm³.","Aguardar a soroconversão completa antes de iniciar o tratamento antirretroviral.","Iniciar tratamento antirretroviral imediatamente, independentemente da contagem de CD4+.","Repetir o teste de HIV em 30 dias para confirmar o diagnóstico antes de iniciar o tratamento."
49,"Recém-nascido, com 12 horas de vida, nascido a termo, parto vaginal, Apgar 9/10, apresenta boa vitalidade e está em aleitamento materno exclusivo. A equipe de saúde percebe que o bebê apresenta icterícia visível em face e tronco, sem outras alterações clínicas. Diante disso, assinale a alternativa que apresenta a conduta adequada.","Solicitar bilirrubinas séricas e considerar fototerapia, conforme idade e curva de bilirrubina.","Iniciar fototerapia imediatamente por se tratar de recém-nascido a termo.","Realizar exsanguineotransfusão em banco de sangue e iniciar fototerapia intensiva.","Aguardar 24 horas e, se a icterícia persistir, realizar exames laboratoriais."
50,"Paciente de 40 anos, sexo masculino, apresenta quadro de dor torácica em queimação retroesternal há 3 meses, que piora após refeições e melhora com uso de antiácidos. Refere pirose frequente e sensação de regurgitação. Ao exame físico, o paciente apresenta-se em bom estado geral e sem alterações significativas. Com base na história clínica, assinale a alternativa que apresenta o diagnóstico mais provável e a conduta inicial.","Úlcera gástrica; iniciar inibidor de bomba de prótons e agendar endoscopia digestiva alta.","Doença do refluxo gastroesofágico; iniciar tratamento empírico com inibidor de bomba de prótons.","Dispepsia funcional; iniciar procinético e investigar H. pylori.","Esofagite eosinofílica; solicitar endoscopia digestiva alta com biópsia."
51,"Adolescente de 13 anos é atendida na unidade básica de saúde (UBS) com queixa de dor pélvica cíclica e progressiva há 6 meses. Relata menarca aos 11 anos e ciclos regulares, com menstruações acompanhadas de dor intensa. A mãe refere que a filha está faltando à escola nos períodos menstruais. Ao exame físico, apresenta abdome doloroso à palpação profunda na região hipogástrica. Não há sinais de infecção urinária e o teste de gravidez é negativo. Considerando a hipótese de endometriose, assinale a conduta mais adequada.","Solicitar ultrassonografia transvaginal com preparo intestinal e iniciar anticoncepcional oral combinado.","Iniciar anti-inflamatório não esteroide e acompanhar por 3 ciclos menstruais antes de investigar.","Encaminhar imediatamente para videolaparoscopia diagnóstica.","Solicitar ressonância magnética de pelve com contraste."
52,"Mulher de 70 anos é atendida em consulta ambulatorial na unidade básica de saúde (UBS), acompanhada por seu neto, com queixa de perda de memória progressiva, dificuldade para realizar tarefas cotidianas e episódios de desorientação. O neto relata que a avó repete as mesmas perguntas com frequência e se esquece de compromissos importantes. Ao exame, a paciente está orientada no tempo e no espaço, mas apresenta dificuldade em lembrar palavras e executar comandos simples. Diante do quadro clínico, assinale a alternativa que apresenta o diagnóstico mais provável e a conduta inicial.","Demência vascular; solicitar tomografia de crânio e iniciar estatina.","Depressão; iniciar antidepressivo e acompanhamento psicológico.","Doença de Alzheimer; iniciar inibidor de acetilcolinesterase e investigação complementar.","Delirium; investigar causas orgânicas e evitar medicações com ação no sistema nervoso central."